arquitetura,tamanho_mb,n_clientes,amostras,min_s,medio_s,max_s,desvio_s
cs_sequencial,5,1,3,0.226,0.243,0.261,0.015
cs_threads,5,1,3,0.245,0.253,0.260,0.006
cs_pool,5,1,3,0.227,0.243,0.252,0.011
p2p,5,1,3,0.193,0.205,0.218,0.010
cs_sequencial,5,2,6,0.231,0.368,0.507,0.123
cs_threads,5,2,6,0.332,0.353,0.385,0.018
cs_pool,5,2,6,0.310,0.346,0.373,0.020
p2p,5,2,6,0.241,0.249,0.257,0.005
cs_sequencial,5,5,15,0.235,0.715,1.198,0.337
cs_threads,5,5,15,0.506,0.550,0.597,0.030
cs_pool,5,5,15,0.434,0.543,0.740,0.098
p2p,5,5,15,0.454,0.497,0.535,0.022
cs_sequencial,5,10,30,0.238,1.327,2.407,0.686
cs_threads,5,10,30,0.940,0.986,1.019,0.025
cs_pool,5,10,30,0.433,0.864,1.365,0.324
p2p,5,10,30,0.598,0.653,0.728,0.039
cs_sequencial,50,1,3,2.418,2.459,2.532,0.052
cs_threads,50,1,3,2.404,2.419,2.436,0.013
cs_pool,50,1,3,2.397,2.409,2.422,0.010
p2p,50,1,3,1.836,1.845,1.852,0.007
cs_sequencial,50,2,6,2.381,3.610,4.821,1.203
cs_threads,50,2,6,3.419,3.489,3.552,0.045
cs_pool,50,2,6,3.426,3.482,3.518,0.031
p2p,50,2,6,1.927,2.006,2.063,0.053
cs_sequencial,50,5,15,2.399,7.208,12.030,3.395
cs_threads,50,5,15,5.347,5.539,5.674,0.102
cs_pool,50,5,15,4.646,5.432,7.317,0.957
p2p,50,5,15,2.540,2.812,3.008,0.128
cs_sequencial,50,10,30,2.402,13.258,24.232,6.906
cs_threads,50,10,30,9.550,9.912,10.063,0.126
cs_pool,50,10,30,4.833,8.663,13.472,3.259
p2p,50,10,30,2.926,4.279,5.332,0.738
