arquitetura,tamanho_mb,n_clientes,rodada,cliente,tempo_s
cs_sequencial,5,1,1,c1,0.2614
cs_sequencial,5,1,2,c1,0.2257
cs_sequencial,5,1,3,c1,0.2417
cs_threads,5,1,1,c1,0.2601
cs_threads,5,1,2,c1,0.2448
cs_threads,5,1,3,c1,0.2538
cs_pool,5,1,1,c1,0.2497
cs_pool,5,1,2,c1,0.2516
cs_pool,5,1,3,c1,0.2273
p2p,5,1,1,peer1,0.2029
p2p,5,1,2,peer1,0.1930
p2p,5,1,3,peer1,0.2178
cs_sequencial,5,2,1,c1,0.2494
cs_sequencial,5,2,1,c2,0.4909
cs_sequencial,5,2,2,c1,0.5069
cs_sequencial,5,2,2,c2,0.2577
cs_sequencial,5,2,3,c1,0.2313
cs_sequencial,5,2,3,c2,0.4726
cs_threads,5,2,1,c1,0.3654
cs_threads,5,2,1,c2,0.3333
cs_threads,5,2,2,c1,0.3324
cs_threads,5,2,2,c2,0.3848
cs_threads,5,2,3,c1,0.3477
cs_threads,5,2,3,c2,0.3543
cs_pool,5,2,1,c1,0.3624
cs_pool,5,2,1,c2,0.3378
cs_pool,5,2,2,c1,0.3101
cs_pool,5,2,2,c2,0.3546
cs_pool,5,2,3,c1,0.3731
cs_pool,5,2,3,c2,0.3377
p2p,5,2,1,peer1,0.2406
p2p,5,2,1,peer2,0.2469
p2p,5,2,2,peer1,0.2543
p2p,5,2,2,peer2,0.2570
p2p,5,2,3,peer1,0.2472
p2p,5,2,3,peer2,0.2504
cs_sequencial,5,5,1,c1,0.7188
cs_sequencial,5,5,1,c2,0.2350
cs_sequencial,5,5,1,c3,1.1936
cs_sequencial,5,5,1,c4,0.9489
cs_sequencial,5,5,1,c5,0.4762
cs_sequencial,5,5,2,c1,0.9658
cs_sequencial,5,5,2,c2,1.1978
cs_sequencial,5,5,2,c3,0.4781
cs_sequencial,5,5,2,c4,0.7229
cs_sequencial,5,5,2,c5,0.2454
cs_sequencial,5,5,3,c1,0.4724
cs_sequencial,5,5,3,c2,0.7083
cs_sequencial,5,5,3,c3,0.2387
cs_sequencial,5,5,3,c4,0.9440
cs_sequencial,5,5,3,c5,1.1852
cs_threads,5,5,1,c1,0.5577
cs_threads,5,5,1,c2,0.5610
cs_threads,5,5,1,c3,0.5761
cs_threads,5,5,1,c4,0.5284
cs_threads,5,5,1,c5,0.5252
cs_threads,5,5,2,c1,0.5086
cs_threads,5,5,2,c2,0.5517
cs_threads,5,5,2,c3,0.5059
cs_threads,5,5,2,c4,0.5881
cs_threads,5,5,2,c5,0.5719
cs_threads,5,5,3,c1,0.5879
cs_threads,5,5,3,c2,0.5327
cs_threads,5,5,3,c3,0.5460
cs_threads,5,5,3,c4,0.5071
cs_threads,5,5,3,c5,0.5969
cs_pool,5,5,1,c1,0.5496
cs_pool,5,5,1,c2,0.7396
cs_pool,5,5,1,c3,0.4575
cs_pool,5,5,1,c4,0.5214
cs_pool,5,5,1,c5,0.4622
cs_pool,5,5,2,c1,0.4551
cs_pool,5,5,2,c2,0.5286
cs_pool,5,5,2,c3,0.4990
cs_pool,5,5,2,c4,0.5154
cs_pool,5,5,2,c5,0.7292
cs_pool,5,5,3,c1,0.5284
cs_pool,5,5,3,c2,0.5465
cs_pool,5,5,3,c3,0.4345
cs_pool,5,5,3,c4,0.4682
cs_pool,5,5,3,c5,0.7085
p2p,5,5,1,peer1,0.4781
p2p,5,5,1,peer2,0.4857
p2p,5,5,1,peer3,0.4870
p2p,5,5,1,peer4,0.4543
p2p,5,5,1,peer5,0.4681
p2p,5,5,2,peer1,0.5077
p2p,5,5,2,peer2,0.5350
p2p,5,5,2,peer3,0.5244
p2p,5,5,2,peer4,0.5184
p2p,5,5,2,peer5,0.5183
p2p,5,5,3,peer1,0.4811
p2p,5,5,3,peer2,0.4779
p2p,5,5,3,peer3,0.5004
p2p,5,5,3,peer4,0.5077
p2p,5,5,3,peer5,0.5038
cs_sequencial,5,10,1,c1,0.2381
cs_sequencial,5,10,1,c10,0.7343
cs_sequencial,5,10,1,c2,1.4633
cs_sequencial,5,10,1,c3,2.4068
cs_sequencial,5,10,1,c4,1.2197
cs_sequencial,5,10,1,c5,1.9375
cs_sequencial,5,10,1,c6,0.4842
cs_sequencial,5,10,1,c7,0.9802
cs_sequencial,5,10,1,c8,1.7038
cs_sequencial,5,10,1,c9,2.1682
cs_sequencial,5,10,2,c1,1.6783
cs_sequencial,5,10,2,c10,0.4887
cs_sequencial,5,10,2,c2,1.9127
cs_sequencial,5,10,2,c3,0.7300
cs_sequencial,5,10,2,c4,0.9731
cs_sequencial,5,10,2,c5,1.4431
cs_sequencial,5,10,2,c6,2.1567
cs_sequencial,5,10,2,c7,1.2093
cs_sequencial,5,10,2,c8,0.2447
cs_sequencial,5,10,2,c9,2.3949
cs_sequencial,5,10,3,c1,2.3939
cs_sequencial,5,10,3,c10,0.7285
cs_sequencial,5,10,3,c2,0.4874
cs_sequencial,5,10,3,c3,1.2087
cs_sequencial,5,10,3,c4,1.4405
cs_sequencial,5,10,3,c5,2.1567
cs_sequencial,5,10,3,c6,0.2551
cs_sequencial,5,10,3,c7,1.9146
cs_sequencial,5,10,3,c8,1.6798
cs_sequencial,5,10,3,c9,0.9728
cs_threads,5,10,1,c1,1.0144
cs_threads,5,10,1,c10,1.0188
cs_threads,5,10,1,c2,0.9751
cs_threads,5,10,1,c3,0.9897
cs_threads,5,10,1,c4,0.9404
cs_threads,5,10,1,c5,0.9877
cs_threads,5,10,1,c6,0.9867
cs_threads,5,10,1,c7,1.0042
cs_threads,5,10,1,c8,0.9705
cs_threads,5,10,1,c9,1.0159
cs_threads,5,10,2,c1,0.9457
cs_threads,5,10,2,c10,0.9593
cs_threads,5,10,2,c2,1.0048
cs_threads,5,10,2,c3,1.0148
cs_threads,5,10,2,c4,0.9935
cs_threads,5,10,2,c5,0.9497
cs_threads,5,10,2,c6,0.9908
cs_threads,5,10,2,c7,0.9867
cs_threads,5,10,2,c8,0.9826
cs_threads,5,10,2,c9,1.0034
cs_threads,5,10,3,c1,0.9668
cs_threads,5,10,3,c10,0.9395
cs_threads,5,10,3,c2,1.0064
cs_threads,5,10,3,c3,0.9455
cs_threads,5,10,3,c4,1.0046
cs_threads,5,10,3,c5,1.0092
cs_threads,5,10,3,c6,1.0121
cs_threads,5,10,3,c7,0.9581
cs_threads,5,10,3,c8,0.9898
cs_threads,5,10,3,c9,1.0184
cs_pool,5,10,1,c1,0.5534
cs_pool,5,10,1,c10,1.0453
cs_pool,5,10,1,c2,1.3650
cs_pool,5,10,1,c3,0.4631
cs_pool,5,10,1,c4,0.9724
cs_pool,5,10,1,c5,0.9910
cs_pool,5,10,1,c6,1.2991
cs_pool,5,10,1,c7,0.4953
cs_pool,5,10,1,c8,0.5092
cs_pool,5,10,1,c9,0.9901
cs_pool,5,10,2,c1,0.5416
cs_pool,5,10,2,c10,1.3378
cs_pool,5,10,2,c2,1.0051
cs_pool,5,10,2,c3,0.9323
cs_pool,5,10,2,c4,0.4909
cs_pool,5,10,2,c5,1.3196
cs_pool,5,10,2,c6,0.4328
cs_pool,5,10,2,c7,0.5001
cs_pool,5,10,2,c8,1.0421
cs_pool,5,10,2,c9,1.0479
cs_pool,5,10,3,c1,1.0029
cs_pool,5,10,3,c10,0.9418
cs_pool,5,10,3,c2,1.3516
cs_pool,5,10,3,c3,0.4743
cs_pool,5,10,3,c4,0.4617
cs_pool,5,10,3,c5,0.9651
cs_pool,5,10,3,c6,0.5045
cs_pool,5,10,3,c7,0.5352
cs_pool,5,10,3,c8,1.2571
cs_pool,5,10,3,c9,1.0913
p2p,5,10,1,peer1,0.6026
p2p,5,10,1,peer10,0.6082
p2p,5,10,1,peer2,0.6105
p2p,5,10,1,peer3,0.6112
p2p,5,10,1,peer4,0.6096
p2p,5,10,1,peer5,0.5980
p2p,5,10,1,peer6,0.5992
p2p,5,10,1,peer7,0.6317
p2p,5,10,1,peer8,0.6152
p2p,5,10,1,peer9,0.6021
p2p,5,10,2,peer1,0.7123
p2p,5,10,2,peer10,0.6034
p2p,5,10,2,peer2,0.6390
p2p,5,10,2,peer3,0.6924
p2p,5,10,2,peer4,0.6710
p2p,5,10,2,peer5,0.6816
p2p,5,10,2,peer6,0.7012
p2p,5,10,2,peer7,0.6889
p2p,5,10,2,peer8,0.6964
p2p,5,10,2,peer9,0.7281
p2p,5,10,3,peer1,0.6583
p2p,5,10,3,peer10,0.6738
p2p,5,10,3,peer2,0.6678
p2p,5,10,3,peer3,0.6837
p2p,5,10,3,peer4,0.6689
p2p,5,10,3,peer5,0.6839
p2p,5,10,3,peer6,0.6664
p2p,5,10,3,peer7,0.6597
p2p,5,10,3,peer8,0.6209
p2p,5,10,3,peer9,0.6925
cs_sequencial,50,1,1,c1,2.5318
cs_sequencial,50,1,2,c1,2.4178
cs_sequencial,50,1,3,c1,2.4268
cs_threads,50,1,1,c1,2.4037
cs_threads,50,1,2,c1,2.4357
cs_threads,50,1,3,c1,2.4181
cs_pool,50,1,1,c1,2.4218
cs_pool,50,1,2,c1,2.4070
cs_pool,50,1,3,c1,2.3968
p2p,50,1,1,peer1,1.8467
p2p,50,1,2,peer1,1.8357
p2p,50,1,3,peer1,1.8517
cs_sequencial,50,2,1,c1,2.4089
cs_sequencial,50,2,1,c2,4.8209
cs_sequencial,50,2,2,c1,2.3815
cs_sequencial,50,2,2,c2,4.7969
cs_sequencial,50,2,3,c1,2.4331
cs_sequencial,50,2,3,c2,4.8210
cs_threads,50,2,1,c1,3.4424
cs_threads,50,2,1,c2,3.5142
cs_threads,50,2,2,c1,3.4186
cs_threads,50,2,2,c2,3.5524
cs_threads,50,2,3,c1,3.4987
cs_threads,50,2,3,c2,3.5071
cs_pool,50,2,1,c1,3.5106
cs_pool,50,2,1,c2,3.4852
cs_pool,50,2,2,c1,3.5177
cs_pool,50,2,2,c2,3.4903
cs_pool,50,2,3,c1,3.4257
cs_pool,50,2,3,c2,3.4611
p2p,50,2,1,peer1,2.0017
p2p,50,2,1,peer2,2.0633
p2p,50,2,2,peer1,1.9268
p2p,50,2,2,peer2,1.9453
p2p,50,2,3,peer1,2.0544
p2p,50,2,3,peer2,2.0454
cs_sequencial,50,5,1,c1,12.0298
cs_sequencial,50,5,1,c2,7.2143
cs_sequencial,50,5,1,c3,4.8122
cs_sequencial,50,5,1,c4,2.4283
cs_sequencial,50,5,1,c5,9.6218
cs_sequencial,50,5,2,c1,4.7985
cs_sequencial,50,5,2,c2,2.3992
cs_sequencial,50,5,2,c3,11.9891
cs_sequencial,50,5,2,c4,9.5882
cs_sequencial,50,5,2,c5,7.1812
cs_sequencial,50,5,3,c1,12.0270
cs_sequencial,50,5,3,c2,9.6084
cs_sequencial,50,5,3,c3,7.1955
cs_sequencial,50,5,3,c4,4.8150
cs_sequencial,50,5,3,c5,2.4092
cs_threads,50,5,1,c1,5.4073
cs_threads,50,5,1,c2,5.3467
cs_threads,50,5,1,c3,5.5832
cs_threads,50,5,1,c4,5.6021
cs_threads,50,5,1,c5,5.6744
cs_threads,50,5,2,c1,5.4403
cs_threads,50,5,2,c2,5.5772
cs_threads,50,5,2,c3,5.3893
cs_threads,50,5,2,c4,5.6496
cs_threads,50,5,2,c5,5.6455
cs_threads,50,5,3,c1,5.5678
cs_threads,50,5,3,c2,5.6014
cs_threads,50,5,3,c3,5.4654
cs_threads,50,5,3,c4,5.4980
cs_threads,50,5,3,c5,5.6341
cs_pool,50,5,1,c1,4.9668
cs_pool,50,5,1,c2,4.9385
cs_pool,50,5,1,c3,5.0853
cs_pool,50,5,1,c4,7.3093
cs_pool,50,5,1,c5,4.7826
cs_pool,50,5,2,c1,5.3261
cs_pool,50,5,2,c2,5.1139
cs_pool,50,5,2,c3,4.6464
cs_pool,50,5,2,c4,7.3174
cs_pool,50,5,2,c5,4.7434
cs_pool,50,5,3,c1,4.6496
cs_pool,50,5,3,c2,5.1928
cs_pool,50,5,3,c3,5.1030
cs_pool,50,5,3,c4,5.0006
cs_pool,50,5,3,c5,7.3003
p2p,50,5,1,peer1,2.6330
p2p,50,5,1,peer2,2.8350
p2p,50,5,1,peer3,2.8443
p2p,50,5,1,peer4,2.7563
p2p,50,5,1,peer5,2.7851
p2p,50,5,2,peer1,2.5400
p2p,50,5,2,peer2,2.7470
p2p,50,5,2,peer3,2.7437
p2p,50,5,2,peer4,2.7339
p2p,50,5,2,peer5,2.7762
p2p,50,5,3,peer1,3.0014
p2p,50,5,3,peer2,2.9032
p2p,50,5,3,peer3,2.8759
p2p,50,5,3,peer4,3.0077
p2p,50,5,3,peer5,2.9914
cs_sequencial,50,10,1,c1,21.5449
cs_sequencial,50,10,1,c10,12.0496
cs_sequencial,50,10,1,c2,16.8056
cs_sequencial,50,10,1,c3,23.9725
cs_sequencial,50,10,1,c4,14.4186
cs_sequencial,50,10,1,c5,2.4025
cs_sequencial,50,10,1,c6,7.2232
cs_sequencial,50,10,1,c7,9.6367
cs_sequencial,50,10,1,c8,4.8043
cs_sequencial,50,10,1,c9,19.1560
cs_sequencial,50,10,2,c1,19.4068
cs_sequencial,50,10,2,c10,14.5775
cs_sequencial,50,10,2,c2,16.9890
cs_sequencial,50,10,2,c3,7.3161
cs_sequencial,50,10,2,c4,4.8529
cs_sequencial,50,10,2,c5,12.1617
cs_sequencial,50,10,2,c6,2.4127
cs_sequencial,50,10,2,c7,21.8076
cs_sequencial,50,10,2,c8,9.6951
cs_sequencial,50,10,2,c9,24.2321
cs_sequencial,50,10,3,c1,7.2439
cs_sequencial,50,10,3,c10,9.6518
cs_sequencial,50,10,3,c2,4.8262
cs_sequencial,50,10,3,c3,24.0111
cs_sequencial,50,10,3,c4,16.8096
cs_sequencial,50,10,3,c5,21.6052
cs_sequencial,50,10,3,c6,19.2331
cs_sequencial,50,10,3,c7,12.0450
cs_sequencial,50,10,3,c8,2.4377
cs_sequencial,50,10,3,c9,14.4177
cs_threads,50,10,1,c1,9.9134
cs_threads,50,10,1,c10,9.6824
cs_threads,50,10,1,c2,9.5499
cs_threads,50,10,1,c3,10.0627
cs_threads,50,10,1,c4,9.8788
cs_threads,50,10,1,c5,9.9885
cs_threads,50,10,1,c6,10.0360
cs_threads,50,10,1,c7,10.0223
cs_threads,50,10,1,c8,9.7896
cs_threads,50,10,1,c9,9.8752
cs_threads,50,10,2,c1,9.9109
cs_threads,50,10,2,c10,10.0315
cs_threads,50,10,2,c2,9.7885
cs_threads,50,10,2,c3,9.9799
cs_threads,50,10,2,c4,10.0071
cs_threads,50,10,2,c5,9.9980
cs_threads,50,10,2,c6,9.8256
cs_threads,50,10,2,c7,9.9044
cs_threads,50,10,2,c8,9.9724
cs_threads,50,10,2,c9,10.0015
cs_threads,50,10,3,c1,9.9756
cs_threads,50,10,3,c10,9.9628
cs_threads,50,10,3,c2,9.7032
cs_threads,50,10,3,c3,9.9102
cs_threads,50,10,3,c4,9.9777
cs_threads,50,10,3,c5,9.9454
cs_threads,50,10,3,c6,10.0402
cs_threads,50,10,3,c7,9.6608
cs_threads,50,10,3,c8,9.9852
cs_threads,50,10,3,c9,9.9916
cs_pool,50,10,1,c1,9.6426
cs_pool,50,10,1,c10,10.0731
cs_pool,50,10,1,c2,13.4640
cs_pool,50,10,1,c3,10.0264
cs_pool,50,10,1,c4,5.1215
cs_pool,50,10,1,c5,4.8777
cs_pool,50,10,1,c6,13.3439
cs_pool,50,10,1,c7,10.1698
cs_pool,50,10,1,c8,4.9594
cs_pool,50,10,1,c9,4.9997
cs_pool,50,10,2,c1,4.9700
cs_pool,50,10,2,c10,9.9139
cs_pool,50,10,2,c2,4.9677
cs_pool,50,10,2,c3,4.9156
cs_pool,50,10,2,c4,13.4719
cs_pool,50,10,2,c5,9.9223
cs_pool,50,10,2,c6,9.9053
cs_pool,50,10,2,c7,10.1133
cs_pool,50,10,2,c8,13.4203
cs_pool,50,10,2,c9,5.0295
cs_pool,50,10,3,c1,5.2700
cs_pool,50,10,3,c10,4.9799
cs_pool,50,10,3,c2,9.7329
cs_pool,50,10,3,c3,4.8706
cs_pool,50,10,3,c4,10.2301
cs_pool,50,10,3,c5,13.3851
cs_pool,50,10,3,c6,4.8333
cs_pool,50,10,3,c7,9.6665
cs_pool,50,10,3,c8,10.2942
cs_pool,50,10,3,c9,13.3275
p2p,50,10,1,peer1,2.9263
p2p,50,10,1,peer10,4.3061
p2p,50,10,1,peer2,4.3909
p2p,50,10,1,peer3,4.3628
p2p,50,10,1,peer4,4.3763
p2p,50,10,1,peer5,4.3208
p2p,50,10,1,peer6,4.3497
p2p,50,10,1,peer7,4.0994
p2p,50,10,1,peer8,4.3101
p2p,50,10,1,peer9,4.3638
p2p,50,10,2,peer1,3.5183
p2p,50,10,2,peer10,3.5108
p2p,50,10,2,peer2,3.5494
p2p,50,10,2,peer3,3.5295
p2p,50,10,2,peer4,3.5245
p2p,50,10,2,peer5,3.5337
p2p,50,10,2,peer6,3.5336
p2p,50,10,2,peer7,3.5414
p2p,50,10,2,peer8,3.5440
p2p,50,10,2,peer9,3.5198
p2p,50,10,3,peer1,5.3074
p2p,50,10,3,peer10,5.1357
p2p,50,10,3,peer2,5.3325
p2p,50,10,3,peer3,5.3069
p2p,50,10,3,peer4,5.2541
p2p,50,10,3,peer5,5.2864
p2p,50,10,3,peer6,5.1773
p2p,50,10,3,peer7,5.2454
p2p,50,10,3,peer8,5.2959
p2p,50,10,3,peer9,3.9119
cs_sequencial,500,1,1,c1,24.2633
cs_threads,500,1,1,c1,24.5542
cs_pool,500,1,1,c1,23.9793
p2p,500,1,1,peer1,18.6345
cs_sequencial,500,2,1,c1,24.5921
cs_sequencial,500,2,1,c2,48.6557
cs_threads,500,2,1,c1,34.8460
cs_threads,500,2,1,c2,34.9159
cs_pool,500,2,1,c1,34.9815
cs_pool,500,2,1,c2,34.7379
p2p,500,2,1,peer1,18.4119
p2p,500,2,1,peer2,18.5414
cs_sequencial,500,5,1,c1,96.3569
cs_sequencial,500,5,1,c2,120.4502
cs_sequencial,500,5,1,c3,72.3003
cs_sequencial,500,5,1,c4,24.2437
cs_sequencial,500,5,1,c5,48.2606
cs_threads,500,5,1,c1,55.5941
cs_threads,500,5,1,c2,55.9697
cs_threads,500,5,1,c3,55.0398
cs_threads,500,5,1,c4,55.8242
cs_threads,500,5,1,c5,55.6106
cs_pool,500,5,1,c1,49.0563
cs_pool,500,5,1,c2,49.0683
cs_pool,500,5,1,c3,50.3383
cs_pool,500,5,1,c4,73.9540
cs_pool,500,5,1,c5,50.5293
p2p,500,5,1,peer1,30.4784
p2p,500,5,1,peer2,30.5242
p2p,500,5,1,peer3,27.6557
p2p,500,5,1,peer4,30.3153
p2p,500,5,1,peer5,30.5077
